Date,Open,High,Low,Close,Shares Traded,Turnover (Rs. Cr)
15-May-17,9433.55,9449.25,9423.1,9445.4,145163953,7790.97
16-May-17,9461,9517.2,9456.35,9512.25,171709433,9209.89
17-May-17,9517.6,9532.6,9486.1,9525.75,211856040,10726.23
18-May-17,9453.2,9489.1,9418.1,9429.45,199340647,10782.46
19-May-17,9469.9,9505.75,9390.75,9427.9,259861396,11544.77
22-May-17,9480.25,9498.65,9427.9,9438.25,202874757,9432.97
23-May-17,9445.05,9448.05,9370,9386.15,231345629,11553.27
24-May-17,9410.9,9431.9,9341.65,9360.55,218265181,11045.95
25-May-17,9384.05,9523.3,9379.2,9509.75,298147347,16964.26
26-May-17,9507.75,9604.9,9495.4,9595.1,225647631,11204.36
29-May-17,9560.05,9637.75,9547.7,9604.9,242266034,12484.61
30-May-17,9590.65,9635.3,9581.2,9624.55,199894193,9765.4
31-May-17,9636.55,9649.6,9609.25,9621.25,427053433,19605.94
1-Jun-17,9603.55,9634.65,9589.9,9616.1,181533283,9482.61
2-Jun-17,9657.15,9673.5,9637.45,9653.5,167195027,8564.3
5-Jun-17,9656.3,9687.2,9640.7,9675.1,131685021,7192.24
6-Jun-17,9704.25,9709.3,9630.2,9637.15,150379695,8416.55
7-Jun-17,9663.95,9678.55,9630.55,9663.9,165669924,8989.36
8-Jun-17,9682.4,9688.7,9641.5,9647.25,160165459,8822.63
9-Jun-17,9638.55,9676.25,9608.15,9668.25,163897548,9078.71
12-Jun-17,9646.7,9647.05,9598.5,9616.4,145786938,7686.89
13-Jun-17,9615.55,9654.15,9595.4,9606.9,133734363,7056.83
14-Jun-17,9621.55,9627.4,9580.45,9618.15,187378750,10540.68
15-Jun-17,9617.9,9621.4,9560.8,9578.05,176423424,9868.08
16-Jun-17,9595.45,9615.85,9565.5,9588.05,219808528,11920.62
19-Jun-17,9626.4,9673.3,9614.9,9657.55,146146062,8144.36
20-Jun-17,9670.5,9676.5,9643.75,9653.5,164437226,8476.67
21-Jun-17,9648.1,9650.45,9608.6,9633.6,148490556,8023.4
22-Jun-17,9642.65,9698.85,9617.75,9630,204888654,10738.45
23-Jun-17,9643.25,9647.65,9565.3,9574.95,180580579,9092.74
27-Jun-17,9594.05,9615.4,9473.45,9511.4,209593904,11084.51
28-Jun-17,9520.2,9522.5,9474.35,9491.25,177652206,9103.73
29-Jun-17,9522.95,9575.8,9493.8,9504.1,267283587,13395.85
30-Jun-17,9478.5,9535.8,9448.75,9520.9,185202600,8783.59
3-Jul-17,9587.95,9624,9543.55,9615,188690599,8720.76
4-Jul-17,9645.9,9650.65,9595.5,9613.3,149313755,7774.69
5-Jul-17,9619.75,9643.65,9607.35,9637.6,134849476,7311.1
6-Jul-17,9653.6,9700.7,9639.95,9674.55,152001940,7539.21
7-Jul-17,9670.35,9684.25,9642.65,9665.8,146232151,8514.53
10-Jul-17,9719.3,9782.15,9646.45,9771.05,40142973,1920.78
11-Jul-17,9797.45,9830.05,9778.85,9786.05,185322358,9908.41
12-Jul-17,9807.3,9824.95,9787.7,9816.1,150045594,7966.44
13-Jul-17,9855.8,9897.25,9853.45,9891.7,186866752,10244.56
14-Jul-17,9913.3,9913.3,9845.45,9886.35,164456602,9187.71
17-Jul-17,9908.15,9928.2,9894.7,9915.95,168596771,8310.48
18-Jul-17,9832.7,9885.35,9792.05,9827.15,303007860,13184.22
19-Jul-17,9855.95,9905.05,9851.65,9899.6,206376192,10935.6
20-Jul-17,9920.2,9922.55,9863.45,9873.3,166083004,8942.56
21-Jul-17,9899.6,9924.7,9838,9915.25,193286125,11860.28
24-Jul-17,9936.8,9982.05,9919.6,9966.4,179905535,10837.2
25-Jul-17,10010.55,10011.3,9949.1,9964.55,191206247,10491.32
26-Jul-17,9983.65,10025.95,9965.95,10020.65,203697844,11403.3
27-Jul-17,10063.25,10114.85,10005.5,10020.55,296782048,18601.99
28-Jul-17,9996.55,10026.05,9944.5,10014.5,197491415,11996.8
31-Jul-17,10034.7,10085.9,10016.95,10077.1,245096535,13131.89
1-Aug-17,10101.05,10128.6,10065.75,10114.65,190000516,11515.29
2-Aug-17,10136.3,10137.85,10054.2,10081.5,166463276,9165.92
3-Aug-17,10081.15,10081.15,9998.25,10013.65,198665837,10714.1
4-Aug-17,10008.6,10075.25,9988.35,10066.4,184082134,10397.88
7-Aug-17,10074.8,10088.1,10046.35,10057.4,141566282,7827.95
8-Aug-17,10068.35,10083.8,9947,9978.55,209645343,10780.41
9-Aug-17,9961.15,9969.8,9893.05,9908.05,174395293,8831.72
10-Aug-17,9872.85,9892.65,9776.2,9820.25,242820594,12040.13
11-Aug-17,9712.15,9771.65,9685.55,9710.8,294732998,13435.56
14-Aug-17,9755.75,9818.3,9752.1,9794.15,201613585,9486.82
16-Aug-17,9825.85,9903.95,9773.85,9897.3,226269013,10815.38
17-Aug-17,9945.55,9947.8,9883.75,9904.15,203652311,9927.47
18-Aug-17,9865.95,9865.95,9783.65,9837.4,253931517,15636.16
21-Aug-17,9864.25,9884.35,9740.1,9754.35,211627775,11764
22-Aug-17,9815.75,9828.45,9752.6,9765.55,189267122,9850.89
23-Aug-17,9803.05,9857.9,9786.75,9852.5,173815509,9961.13
24-Aug-17,9881.2,9881.5,9848.85,9857.05,190398702,10392.63
28-Aug-17,9907.15,9925.75,9882,9912.8,164493772,9900.06
29-Aug-17,9886.4,9887.35,9783.75,9796.05,178668444,8469.09
30-Aug-17,9859.5,9909.45,9850.8,9884.4,162704136,8008.72
31-Aug-17,9905.7,9925.1,9856.95,9917.9,337782004,14619.43
1-Sep-17,9937.65,9983.45,9909.85,9974.4,162730656,9314.82
4-Sep-17,9984.15,9988.4,9861,9912.85,153369495,8069.64
5-Sep-17,9933.25,9963.1,9901.05,9952.2,143522342,7566.62
6-Sep-17,9899.25,9931.55,9882.55,9916.2,153767846,8926.98
7-Sep-17,9945.85,9964.85,9917.2,9929.9,194626599,9455.48
8-Sep-17,9958.65,9963.6,9913.3,9934.8,168698771,8792.49
11-Sep-17,9971.75,10028.65,9968.8,10006.05,178409875,9545.94
12-Sep-17,10056.85,10097.55,10028.05,10093.05,188248293,9894.2
13-Sep-17,10099.25,10131.95,10063.15,10079.3,221608053,10682.41
14-Sep-17,10107.4,10126.5,10070.35,10086.6,232637517,11047.46
15-Sep-17,10062.35,10115.15,10043.65,10085.4,274799134,13650.9
18-Sep-17,10133.1,10171.7,10131.3,10153.1,160852680,8106.66
19-Sep-17,10175.6,10178.95,10129.95,10147.55,193345992,8796.21
20-Sep-17,10160.95,10171.05,10134.2,10141.15,205605243,10105.71
21-Sep-17,10139.6,10158.9,10058.6,10121.9,197710666,11114.28
22-Sep-17,10094.35,10095.05,9952.8,9964.4,233621596,11941.88
25-Sep-17,9960.1,9960.5,9816.05,9872.6,228206970,11258.68
26-Sep-17,9875.25,9891.35,9813,9871.5,196792799,9754.02
27-Sep-17,9920.6,9921.05,9714.4,9735.75,206305991,10127.39
28-Sep-17,9736.4,9789.2,9687.55,9768.95,396874518,18962.4
29-Sep-17,9814.3,9854,9775.35,9788.6,202350211,11087.11
3-Oct-17,9893.3,9895.4,9831.05,9859.5,167833406,9698.55
4-Oct-17,9884.35,9938.3,9850.65,9914.9,160993982,8790.29
5-Oct-17,9927,9945.95,9881.85,9888.7,152362417,7823.55
6-Oct-17,9908.15,9989.35,9906.6,9979.7,201858899,9986.18
9-Oct-17,9988.2,10015.75,9959.45,9988.75,148395842,7425.19
10-Oct-17,10013.7,10034,10002.3,10016.95,153246570,8055.5
11-Oct-17,10042.6,10067.25,9955.8,9984.8,195593061,10227.9
12-Oct-17,10011.2,10104.45,9977.1,10096.4,207106672,10579.8
13-Oct-17,10123.7,10191.9,10120.1,10167.45,237230047,12379.8
16-Oct-17,10207.4,10242.95,10175.1,10230.85,209327364,11774.68
17-Oct-17,10227.65,10251.85,10212.6,10234.45,201782377,10422.81
18-Oct-17,10209.4,10236.45,10175.75,10210.85,262111790,13177.83
19-Oct-17,10210.35,10211.95,10123.35,10146.55,31086379,1685.16
23-Oct-17,10176.65,10224.15,10124.5,10184.85,224799211,12144.31
24-Oct-17,10218.55,10237.75,10182.4,10207.7,223914325,11539.73
25-Oct-17,10321.15,10340.55,10240.9,10295.35,612620774,25922.51
26-Oct-17,10291.8,10355.65,10271.85,10343.8,443036008,23135.46
27-Oct-17,10362.3,10366.15,10311.3,10323.05,322411410,15149.9
30-Oct-17,10353.85,10384.5,10344.3,10363.65,244193178,12558.7
31-Oct-17,10364.9,10367.7,10323.95,10335.3,239809700,12830.06
1-Nov-17,10390.35,10451.65,10383.05,10440.5,268270466,14206.21
2-Nov-17,10440.5,10453,10412.55,10423.8,207735021,10779.63
3-Nov-17,10461.55,10461.7,10403.6,10452.5,206101238,10070.83
6-Nov-17,10431.75,10490.45,10413.75,10451.8,199559409,10231.76
7-Nov-17,10477.15,10485.75,10340.8,10350.15,295830692,16182.46
8-Nov-17,10361.95,10384.25,10285.5,10303.15,282950322,14789.39
9-Nov-17,10358.65,10368.45,10266.95,10308.95,247606613,12697.28
10-Nov-17,10304.35,10344.95,10254.1,10321.75,287962940,14682.6
13-Nov-17,10322,10334.15,10216.25,10224.95,216799588,11783.34
14-Nov-17,10223.4,10248,10175.55,10186.6,314413476,15398.97
15-Nov-17,10171.95,10175.45,10094,10118.05,213836202,11609.18
16-Nov-17,10152.9,10232.25,10139.2,10214.75,188180035,9995.55
17-Nov-17,10324.55,10343.6,10268.05,10283.6,209592893,11023.35
20-Nov-17,10287.2,10309.85,10261.5,10298.75,151751415,8502.63
21-Nov-17,10329.25,10358.7,10315.05,10326.9,191859084,10443.99
22-Nov-17,10350.8,10368.7,10309.55,10342.3,162504058,9136.04
23-Nov-17,10358.45,10374.3,10307.3,10348.75,157651842,8789.42
24-Nov-17,10366.8,10404.5,10362.25,10389.7,133177324,8197.66
27-Nov-17,10361.05,10407.15,10340.2,10399.55,146276512,7551.71
28-Nov-17,10387.9,10409.55,10355.2,10370.25,202050866,9979.25
29-Nov-17,10376.65,10392.95,10345.9,10361.3,157192930,8852.8
30-Nov-17,10332.7,10332.7,10211.25,10226.55,353105240,19005.56
1-Dec-17,10263.7,10272.7,10108.55,10121.8,147765528,8518.58
4-Dec-17,10175.05,10179.2,10095.7,10127.75,153240126,8458.66
5-Dec-17,10118.25,10147.95,10069.1,10118.25,160253042,8749.09
6-Dec-17,10088.8,10104.2,10033.35,10044.1,171208366,9598.82
7-Dec-17,10063.45,10182.65,10061.9,10166.7,171339022,9910.28
8-Dec-17,10198.45,10270.85,10195.25,10265.65,206234019,11468.15
11-Dec-17,10310.5,10329.2,10282.05,10322.25,152034656,8453.76
12-Dec-17,10324.9,10326.1,10230.2,10240.15,180546894,10380.24
13-Dec-17,10236.6,10296.55,10169.85,10192.95,187191964,10070.44
14-Dec-17,10229.3,10276.1,10141.55,10252.1,159103960,9549.23
15-Dec-17,10345.65,10373.1,10319.65,10333.25,262974703,15106.77
18-Dec-17,10263.1,10443.55,10074.8,10388.75,237506982,12921.61
19-Dec-17,10414.8,10472.2,10406,10463.2,174340665,10982.95
20-Dec-17,10494.4,10494.45,10437.15,10444.2,180597460,11303
21-Dec-17,10473.95,10473.95,10426.9,10440.3,156646972,9411.2
22-Dec-17,10457.3,10501.1,10448.25,10493,143119167,8755.32
26-Dec-17,10512.3,10545.45,10477.95,10531.5,160417384,9043.77
27-Dec-17,10531.05,10552.4,10469.25,10490.75,170307122,9077.6
28-Dec-17,10498.2,10534.55,10460.45,10477.9,281309989,14551.58
29-Dec-17,10492.35,10538.7,10488.65,10530.7,156736221,8943.1
1-Jan-18,10531.7,10537.85,10423.1,10435.55,134532090,7546.56
2-Jan-18,10477.55,10495.2,10404.65,10442.2,158092430,8665.47
3-Jan-18,10482.65,10503.6,10429.55,10443.2,172516859,9541.6
4-Jan-18,10469.4,10513,10441.45,10504.8,180257392,9561.95
5-Jan-18,10534.25,10566.1,10520.1,10558.85,186469717,10306.22
8-Jan-18,10591.7,10631.2,10588.55,10623.6,174181231,9907.27
9-Jan-18,10645.1,10659.15,10603.6,10637,211291563,10733.37
10-Jan-18,10652.05,10655.5,10592.7,10632.2,181900014,9720.65
11-Jan-18,10637.05,10664.6,10612.35,10651.2,158630055,9635.01
12-Jan-18,10682.55,10690.4,10597.1,10681.25,180592153,11005.12
15-Jan-18,10718.5,10782.65,10713.8,10741.55,181262074,11333.11
16-Jan-18,10761.5,10762.35,10687.85,10700.45,217468081,12709.44
17-Jan-18,10702.45,10803,10666.75,10788.55,260488465,14334.26
18-Jan-18,10873.4,10887.5,10782.4,10817,321609375,17930.3
19-Jan-18,10829.2,10906.85,10793.9,10894.7,214011963,11792.26
22-Jan-18,10883.2,10975.1,10881.4,10966.2,238815813,14469.06
23-Jan-18,10997.4,11092.9,10994.55,11083.7,293445774,16423.91
24-Jan-18,11069.35,11110.1,11046.15,11086,292197072,16915.14
25-Jan-18,11095.6,11095.6,11009.2,11069.65,340469462,19939.54
29-Jan-18,11079.35,11171.55,11075.95,11130.4,249220726,16118.36
30-Jan-18,11120.85,11121.1,11033.9,11049.65,234969503,13232.19
31-Jan-18,11018.8,11058.5,10979.3,11027.7,253462573,14459.69
1-Feb-18,11044.55,11117.35,10878.8,11016.9,315743486,17719.4
2-Feb-18,10938.2,10954.95,10736.1,10760.6,291431992,16542.51
5-Feb-18,10604.3,10702.75,10586.8,10666.55,247479157,13980.63
6-Feb-18,10295.15,10594.15,10276.3,10498.25,274656443,15606.34
7-Feb-18,10607.2,10614,10446.4,10476.7,258095424,13971.66
8-Feb-18,10518.5,10637.8,10479.55,10576.85,239407938,12569.23
9-Feb-18,10416.5,10480.2,10398.2,10454.95,197502912,10602.15
12-Feb-18,10518.2,10555.5,10485.4,10539.75,224114801,11133.78
14-Feb-18,10585.75,10590.55,10456.65,10500.9,236329440,12188.94
15-Feb-18,10537.9,10618.1,10511.05,10545.5,217090245,11035.38
16-Feb-18,10596.2,10612.9,10434.05,10452.3,190043189,10026.71
19-Feb-18,10488.9,10489.35,10302.75,10378.4,193087737,9871.36
20-Feb-18,10391,10429.35,10347.65,10360.4,193464871,9619.95
21-Feb-18,10426,10426.1,10349.6,10397.45,241331542,12996.36
22-Feb-18,10354.35,10397.55,10340.65,10382.7,323259078,17711.46
23-Feb-18,10408.1,10499.1,10396.65,10491.05,217134363,12704.32
26-Feb-18,10526.55,10592.95,10520.2,10582.6,177238616,10274.89
27-Feb-18,10615.2,10631.65,10537.25,10554.3,193250158,10276.42
28-Feb-18,10488.95,10535.5,10461.55,10492.85,294794221,16299.11
1-Mar-18,10479.95,10525.5,10447.15,10458.35,181378504,10179.48
5-Mar-18,10428.3,10428.7,10323.9,10358.85,199975720,10673.92
6-Mar-18,10420.5,10441.35,10215.9,10249.25,229782297,12143.95
7-Mar-18,10232.95,10243.35,10141.55,10154.2,257200599,12128.88
8-Mar-18,10216.25,10270.35,10146.4,10242.65,233377712,11479.51
9-Mar-18,10271.3,10296.7,10211.9,10226.85,192333334,9874.81
12-Mar-18,10301.6,10433.65,10295.45,10421.4,223135459,10968.95
13-Mar-18,10389.5,10478.6,10377.85,10426.85,274852794,23965.25
14-Mar-18,10393.05,10420.35,10336.3,10410.9,186991169,9564.68
15-Mar-18,10405.45,10420,10346.2,10360.15,179308593,8588.01
16-Mar-18,10345.15,10346.3,10180.25,10195.15,338702439,18811.97
19-Mar-18,10215.35,10224.55,10075.3,10094.25,216670033,11111.43
20-Mar-18,10051.55,10155.65,10049.1,10124.35,209327593,10947.12
21-Mar-18,10181.95,10227.3,10132.95,10155.25,211060429,11269.73
22-Mar-18,10167.5,10207.85,10105.4,10114.75,237632983,11558.88
23-Mar-18,9968.8,10027.7,9951.9,9998.05,294515154,14435.17
26-Mar-18,9989.15,10143.5,9958.55,10130.65,270665332,12695.47
27-Mar-18,10188,10207.9,10139.65,10184.15,232713976,11175.79
28-Mar-18,10143.6,10158.35,10096.9,10113.7,354977198,18807.48
2-Apr-18,10151.65,10220.1,10127.75,10211.8,223135459,10968.95
3-Apr-18,10186.85,10255.35,10171.05,10245,211652029,10167.12
4-Apr-18,10274.6,10279.85,10111.3,10128.4,238182921,11861.79
5-Apr-18,10228.45,10331.8,10227.45,10325.15,244116235,11674.92
6-Apr-18,10322.75,10350.45,10290.85,10331.6,206355691,10131.74
9-Apr-18,10333.7,10397.7,10328.5,10379.35,228512954,10714.13
10-Apr-18,10412.9,10424.85,10381.5,10402.25,259523888,11905.12
11-Apr-18,10428.15,10428.15,10355.6,10417.15,258077363,11790.58
12-Apr-18,10410.65,10469.9,10395.25,10458.65,246027888,12249.66
13-Apr-18,10495.3,10519.9,10451.45,10480.6,219724716,12354.55
16-Apr-18,10398.3,10540.15,10396.35,10528.35,200950876,11242.05
17-Apr-18,10557.3,10560.45,10495.65,10548.7,212449535,10501.71
18-Apr-18,10578.9,10594.2,10509.7,10526.2,211823044,9888.65
19-Apr-18,10563.65,10572.2,10546.2,10565.3,270740891,12559.11
20-Apr-18,10560.35,10582.35,10527.45,10564.05,252227268,15372.66
23-Apr-18,10592.8,10638.35,10514.95,10584.7,200203196,13642.67
24-Apr-18,10578.1,10636.8,10569,10614.35,225972673,12281.53
25-Apr-18,10612.4,10612.6,10536.45,10570.55,195129613,11125.11
26-Apr-18,10586.5,10628.4,10559.65,10617.8,345536167,19200.41
27-Apr-18,10651.65,10719.8,10647.55,10692.3,306671172,16886.89
30-Apr-18,10705.75,10759,10704.6,10739.35,179163468,10412.57
2-May-18,10783.85,10784.65,10689.8,10718.05,236757172,14820.58
3-May-18,10720.15,10720.6,10647.45,10679.65,190869804,11018.21
4-May-18,10700.45,10700.45,10601.6,10618.25,192296041,9721.56
7-May-18,10653.15,10725.65,10635.65,10715.5,173620240,9239.44
8-May-18,10757.9,10758.55,10689.4,10717.8,278118616,12783.49
9-May-18,10693.35,10766.25,10689.85,10741.7,222115640,10390.92
10-May-18,10779.65,10785.55,10705,10716.55,197988475,10526.38
11-May-18,10741.95,10812.05,10724.45,10806.5,209392114,10432.43
14-May-18,10815.15,10834.85,10774.75,10806.6,176697512,9075.44
15-May-18,10812.6,10929.2,10781.4,10801.85,262202312,13582.7
16-May-18,10751.95,10790.45,10699.7,10741.1,238221884,11359.48
17-May-18,10775.6,10777.25,10664.5,10682.7,220738923,12506.3
18-May-18,10671.85,10674.95,10589.1,10596.4,229908939,13908.47
21-May-18,10616.7,10621.7,10505.8,10516.7,197294184,11346.13
22-May-18,10518.45,10558.6,10490.55,10536.7,249236637,12017.36
23-May-18,10521.1,10533.55,10417.8,10430.35,299919120,13456.6
24-May-18,10464.85,10535.15,10419.8,10513.85,306792497,12914.16
25-May-18,10533.05,10628.05,10524,10605.15,268914888,12431.16
28-May-18,10648.35,10709.8,10640.55,10688.65,239786001,11764.35
29-May-18,10689.4,10717.25,10616.1,10633.3,232761575,11817.39
30-May-18,10579,10648.7,10558.45,10614.35,246124259,12224.76
31-May-18,10670.1,10763.8,10620.4,10736.15,629198569,29479.77
1-Jun-18,10738.45,10764.75,10681.5,10696.2,227355567,12965.01
4-Jun-18,10765.95,10770.3,10618.35,10628.5,210148313,14120.49
5-Jun-18,10630.7,10633.15,10550.9,10593.15,172898027,10027.54
6-Jun-18,10603.45,10698.35,10587.5,10684.65,195761429,9920.75
7-Jun-18,10722.6,10818,10722.6,10768.35,227663151,11315.24
8-Jun-18,10736.4,10779.45,10709.05,10767.65,215942528,12360.88
11-Jun-18,10781.85,10850.55,10777.05,10786.95,217849903,11384.97
12-Jun-18,10816.15,10856.55,10789.4,10842.85,204419184,11989.07
13-Jun-18,10887.5,10893.25,10842.65,10856.7,220003032,12982.8
14-Jun-18,10832.9,10833.7,10773.55,10808.05,190031664,11659.79
15-Jun-18,10808.65,10834,10755.4,10817.7,314764425,19271.43
18-Jun-18,10830.2,10830.2,10787.35,10799.85,202727202,11182.48
19-Jun-18,10789.45,10789.45,10701.2,10710.45,231382790,12290.16
20-Jun-18,10734.65,10781.8,10724.05,10772.05,199467082,10858.35
21-Jun-18,10808.45,10809.6,10725.9,10741.1,230507383,12211.18
22-Jun-18,10742.7,10837,10710.45,10821.85,236898415,13520.01
25-Jun-18,10822.9,10831.05,10753.05,10762.45,236693278,12012.41
26-Jun-18,10742.7,10805.25,10732.55,10769.15,226846382,12113.53
27-Jun-18,10785.5,10785.5,10652.4,10671.4,253620792,13837.03
28-Jun-18,10660.8,10674.2,10557.7,10589.1,363157327,20187.98
29-Jun-18,10612.85,10723.05,10612.35,10714.3,250327878,14440.17
2-Jul-18,10732.35,10736.15,10604.65,10657.3,304536687,13591.3
3-Jul-18,10668.6,10713.3,10630.25,10699.9,208371545,10896.89
4-Jul-18,10715,10777.15,10677.75,10769.9,179268271,10388.69
5-Jul-18,10786.05,10786.05,10726.25,10749.75,227267176,13676.58
6-Jul-18,10744.15,10816.35,10735.05,10772.65,256547706,14006.48
9-Jul-18,10838.3,10860.35,10807.15,10852.9,189331016,10843.92
10-Jul-18,10902.75,10956.9,10876.65,10947.25,203061980,12834.85
11-Jul-18,10956.4,10976.65,10923,10948.3,229211999,15944.45
12-Jul-18,11006.95,11078.3,10999.65,11023.2,256034815,15787.28
13-Jul-18,11056.9,11071.35,10999.75,11018.9,241670818,14744.56
16-Jul-18,11018.95,11019.5,10926.25,10936.85,216971413,13709.57
17-Jul-18,10939.65,11018.5,10925.6,11008.05,217107580,12649.4
18-Jul-18,11060.2,11076.2,10956.3,10980.45,232502459,13320.2
19-Jul-18,10999.5,11006.5,10935.45,10957.1,222056399,12199.98
20-Jul-18,10963.5,11030.25,10946.2,11010.2,193144113,14105.94
23-Jul-18,11019.85,11093.4,11010.95,11084.75,236153085,14932.51
24-Jul-18,11109,11143.4,11092.5,11134.3,212247395,13931.15
25-Jul-18,11148.4,11157.15,11113.25,11132,212333169,12528.8
26-Jul-18,11132.95,11185.85,11125.7,11167.3,376657398,21595.33
27-Jul-18,11232.75,11283.4,11210.25,11278.35,324343457,15203.09
30-Jul-18,11296.65,11328.1,11261.45,11319.55,287435926,14716.66
31-Jul-18,11311.05,11366,11267.75,11356.5,264430889,15297.4
1-Aug-18,11359.8,11390.55,11313.55,11346.2,278012697,14436.12
2-Aug-18,11328.9,11328.9,11234.95,11244.7,216533127,12267.66
3-Aug-18,11297.8,11368,11294.55,11360.8,225146360,12984.66
6-Aug-18,11401.5,11427.65,11370.6,11387.1,210002582,11321.55
7-Aug-18,11423.15,11428.95,11359.7,11389.45,233409612,12457.71
8-Aug-18,11412.5,11459.95,11379.3,11450,217047641,12422.62
9-Aug-18,11493.25,11495.2,11454.1,11470.7,311521403,15842.76
10-Aug-18,11474.95,11478.75,11419.65,11429.5,336424182,15738.26
13-Aug-18,11369.6,11406.3,11340.3,11355.75,254466760,12899.22
14-Aug-18,11381.7,11452.45,11370.8,11435.1,239841680,13935.35
16-Aug-18,11397.15,11449.85,11366.25,11385.05,299610298,17081.62
17-Aug-18,11437.15,11486.45,11431.8,11470.75,241985503,13275.31
20-Aug-18,11502.1,11565.3,11499.65,11551.75,239843358,14119.93
21-Aug-18,11576.2,11581.75,11539.6,11570.9,231063669,13528.83
23-Aug-18,11620.7,11620.7,11546.7,11582.75,256163842,16117.77
24-Aug-18,11566.6,11604.6,11532,11557.1,225604574,13019.55
27-Aug-18,11605.85,11700.95,11595.6,11691.95,205689327,11707.5
28-Aug-18,11731.95,11760.2,11710.5,11738.5,249420312,13946.7
29-Aug-18,11744.95,11753.2,11678.85,11691.9,259351550,14324.65
30-Aug-18,11694.75,11698.8,11639.7,11676.8,323450305,18275.54
31-Aug-18,11675.85,11727.65,11640.1,11680.5,357230312,20755.73
3-Sep-18,11751.8,11751.8,11567.4,11582.35,241726864,16139.58
4-Sep-18,11598.75,11602.55,11496.85,11520.3,262701030,16254.78
5-Sep-18,11514.85,11542.65,11393.85,11476.95,253689858,15078.23
6-Sep-18,11514.15,11562.25,11436.05,11536.9,255558129,15161
7-Sep-18,11558.25,11603,11484.4,11589.1,305029077,16441.02
10-Sep-18,11570.25,11573,11427.3,11438.1,295597988,16513.89
11-Sep-18,11476.85,11479.4,11274,11287.5,318093125,18745.54
12-Sep-18,11340.1,11380.75,11250.2,11369.9,276509748,15567.9
14-Sep-18,11443.5,11523.25,11430.55,11515.2,285218296,16423.36
17-Sep-18,11464.95,11464.95,11366.9,11377.75,207620518,11294.84
18-Sep-18,11381.55,11411.45,11268.95,11278.9,248298794,13814.11
19-Sep-18,11326.65,11332.05,11210.9,11234.35,258424384,15116.69
21-Sep-18,11271.3,11346.8,10866.45,11143.1,741153209,35131.19
24-Sep-18,11164.4,11170.15,10943.6,10967.4,398815949,23023.34
25-Sep-18,10969.95,11080.6,10882.85,11067.45,417548830,22878.57
26-Sep-18,11145.55,11145.55,10993.05,11053.8,351041146,17803.68
27-Sep-18,11079.8,11089.45,10953.35,10977.55,418210067,22582.86
28-Sep-18,11008.1,11034.1,10850.3,10930.45,492894147,23227.86
1-Oct-18,10930.9,11035.65,10821.55,11008.3,398987274,20391.72
3-Oct-18,10982.7,10989.05,10843.75,10858.25,398756507,21225.59
4-Oct-18,10754.7,10754.7,10547.25,10599.25,438202008,23711.57
5-Oct-18,10514.1,10540.65,10261.9,10316.45,625153832,25254.21
8-Oct-18,10310.15,10398.35,10198.4,10348.05,470279031,22130.94
9-Oct-18,10390.3,10397.6,10279.35,10301.05,443795275,18285.41
10-Oct-18,10331.85,10482.35,10318.25,10460.1,373844130,19592.59
11-Oct-18,10169.8,10335.95,10138.6,10234.65,498509417,21907.13
12-Oct-18,10331.55,10492.45,10322.15,10472.5,354056762,18606.04
15-Oct-18,10524.2,10526.3,10410.15,10512.5,267517728,14372.15
16-Oct-18,10550.15,10604.9,10525.3,10584.75,273444095,15453.03
17-Oct-18,10688.7,10710.15,10436.45,10453.05,293586908,17173.14
19-Oct-18,10339.7,10380.1,10249.6,10303.55,368552204,20505.66
22-Oct-18,10405.85,10408.55,10224,10245.25,306472776,17241.94
23-Oct-18,10152.6,10222.1,10102.35,10146.8,312042090,18114.71
24-Oct-18,10278.15,10290.65,10126.7,10224.75,362272428,19413.24
25-Oct-18,10135.05,10166.6,10079.3,10124.9,522421914,23503.76
26-Oct-18,10122.35,10128.85,10004.55,10030,375563273,16120.14
29-Oct-18,10078.1,10275.3,10020.35,10250.85,375749433,17514.85
30-Oct-18,10239.4,10285.1,10175.35,10198.4,298753965,14789.51
31-Oct-18,10209.55,10396,10105.1,10386.6,386618948,21513.85
1-Nov-18,10441.7,10441.9,10341.9,10380.45,359340403,18111.88
2-Nov-18,10462.3,10606.95,10457.7,10553,434175607,21758.8
5-Nov-18,10558.75,10558.8,10477,10524,311176379,14761.17
6-Nov-18,10552,10600.25,10491.45,10530,309878810,14006.19
7-Nov-18,10614.45,10616.45,10582.3,10598.4,32194181,1534.08
9-Nov-18,10614.7,10619.55,10544.85,10585.2,305817331,15294.83
12-Nov-18,10607.8,10645.5,10464.05,10482.2,267710127,13445.33
13-Nov-18,10451.9,10596.25,10440.55,10582.5,262541595,13078.98
14-Nov-18,10634.9,10651.6,10532.7,10576.3,396373781,19374.89
15-Nov-18,10580.6,10646.5,10557.5,10616.7,306011926,14937.67
16-Nov-18,10644,10695.15,10631.15,10682.2,353384918,16728.88
19-Nov-18,10731.25,10774.7,10688.8,10763.4,280522364,13540.9
20-Nov-18,10740.1,10740.85,10640.85,10656.2,304322623,13077.24
21-Nov-18,10670.95,10671.3,10562.35,10600.05,310191008,15382.32
22-Nov-18,10612.65,10646.25,10512,10526.75,246926671,12254.36
26-Nov-18,10568.3,10637.8,10489.75,10628.6,332863041,15927.25
27-Nov-18,10621.45,10695.15,10596.35,10685.6,382834178,17296.28
28-Nov-18,10708.75,10757.8,10699.85,10728.85,437627174,17737.28
29-Nov-18,10808.7,10883.05,10782.35,10858.7,712650890,26283.43
30-Nov-18,10892.1,10922.45,10835.1,10876.75,467857329,19964.33
3-Dec-18,10930.7,10941.2,10845.35,10883.75,422358631,18484.91
4-Dec-18,10877.1,10890.95,10833.35,10869.5,332137359,15857.16
5-Dec-18,10820.45,10821.05,10747.95,10782.9,322019985,15176.26
6-Dec-18,10718.15,10722.65,10588.25,10601.15,328275196,16488.87
7-Dec-18,10644.8,10704.55,10599.35,10693.7,335849636,18597.83
10-Dec-18,10508.7,10558.85,10474.95,10488.45,393097292,16524.36
11-Dec-18,10350.05,10567.15,10333.85,10549.15,438699334,20112.91
12-Dec-18,10591,10752.2,10560.8,10737.6,371697496,17447.45
13-Dec-18,10810.75,10838.6,10749.5,10791.55,387810061,17582.8
14-Dec-18,10784.5,10815.75,10752.1,10805.45,350579275,14486.1
17-Dec-18,10853.2,10900.35,10844.85,10888.35,306145514,12528.59
18-Dec-18,10850.9,10915.4,10819.1,10908.7,294942271,13556.45
19-Dec-18,10930.55,10985.15,10928,10967.3,321801803,17172.64
20-Dec-18,10885.2,10962.55,10880.05,10951.7,328802751,14945.94
21-Dec-18,10944.25,10963.65,10738.65,10754,389235107,18663.85
24-Dec-18,10780.9,10782.3,10649.25,10663.5,230291344,10695.6
26-Dec-18,10635.45,10747.5,10534.55,10729.85,271942701,12831.99
27-Dec-18,10817.9,10834.2,10764.45,10779.8,470160392,19119.88
28-Dec-18,10820.95,10893.6,10817.15,10859.9,253086507,12615.01
31-Dec-18,10913.2,10923.55,10853.2,10862.55,186494657,10176.13
1-Jan-19,10881.7,10923.6,10807.1,10910.1,159404542,8688.26
2-Jan-19,10868.85,10895.35,10735.05,10792.5,309665939,15352.25
3-Jan-19,10796.8,10814.05,10661.25,10672.25,286241745,15030.45
4-Jan-19,10699.7,10741.05,10628.65,10727.35,296596655,14516.74
7-Jan-19,10804.85,10835.95,10750.15,10771.8,269371080,12731.29
8-Jan-19,10786.25,10818.45,10733.25,10802.15,277697672,13433.48
9-Jan-19,10862.4,10870.4,10749.4,10855.15,333010535,16213.3
10-Jan-19,10859.35,10859.35,10801.8,10821.6,254365477,12031.26
11-Jan-19,10834.75,10850.15,10739.4,10794.95,260792200,13084.6
14-Jan-19,10807,10808,10692.35,10737.6,298774178,12732.57
15-Jan-19,10777.55,10896.95,10777.55,10886.8,310737078,14879.91
16-Jan-19,10899.65,10928.15,10876.9,10890.3,276539042,13081.63
17-Jan-19,10920.85,10930.65,10844.65,10905.2,271676319,13215.83
18-Jan-19,10914.85,10928.2,10852.2,10906.95,323814108,16408.83
21-Jan-19,10919.35,10987.45,10885.75,10961.85,288829125,17289.7
22-Jan-19,10949.8,10949.8,10864.15,10922.75,300768112,17483.62
23-Jan-19,10931.05,10944.8,10811.95,10831.5,298876314,14736.91
24-Jan-19,10844.05,10866.6,10798.65,10849.8,361082096,15298.48
25-Jan-19,10859.75,10931.7,10756.45,10780.55,463444758,20542.36
28-Jan-19,10792.45,10804.45,10630.95,10661.55,419682627,21144.33
29-Jan-19,10653.7,10690.35,10583.65,10652.2,356908994,18832.06
30-Jan-19,10702.25,10710.2,10612.85,10651.8,410107910,21214.81
31-Jan-19,10690.55,10838.05,10678.55,10830.95,604818027,27471.18
1-Feb-19,10851.35,10983.45,10813.45,10893.65,482272661,23112.37
4-Feb-19,10876.75,10927.9,10814.15,10912.25,318300039,15478.81
5-Feb-19,10908.65,10956.7,10886.7,10934.35,268095127,13435.13
6-Feb-19,10965.1,11072.6,10962.7,11062.45,298510497,15172.85
7-Feb-19,11070.45,11118.1,11043.6,11069.4,263544426,13542.69
8-Feb-19,11023.5,11041.2,10925.45,10943.6,352787419,15507.05
11-Feb-19,10930.9,10930.9,10857.1,10888.8,285985383,13818.92
12-Feb-19,10879.7,10910.9,10823.8,10831.4,292314643,14424.78
13-Feb-19,10870.55,10891.65,10772.1,10793.65,321958549,15360.98
14-Feb-19,10786.1,10792.7,10718.75,10746.05,627041405,20797.41
15-Feb-19,10780.25,10785.75,10620.4,10724.4,521876968,20733.95
18-Feb-19,10738.65,10759.9,10628.4,10640.95,345440240,14903.19
19-Feb-19,10636.7,10722.85,10585.65,10604.35,291507060,13765.01
20-Feb-19,10655.45,10752.7,10646.4,10735.45,289195306,13209.71
21-Feb-19,10744.1,10808.85,10721.5,10789.85,279584955,14758.5
22-Feb-19,10782.7,10801.55,10758.4,10791.65,396846597,24386.42
25-Feb-19,10813.25,10887.1,10788.05,10880.1,385905142,16466.09
26-Feb-19,10775.3,10888.75,10729.3,10835.3,414954476,19186.75
27-Feb-19,10881.2,10939.7,10751.2,10806.65,381080073,18313.85
28-Feb-19,10865.7,10865.7,10784.85,10792.5,644159018,27123.34
1-Mar-19,10842.65,10877.9,10823.1,10863.5,308526309,15010.06
5-Mar-19,10864.85,10994.9,10817,10987.45,373220239,17960.03
6-Mar-19,11024.85,11062.3,10998.85,11053,372550850,17850.93
7-Mar-19,11077.95,11089.05,11027.1,11058.2,321208766,15321.68
8-Mar-19,11038.85,11049,11008.95,11035.4,326569833,14369.77
11-Mar-19,11068.75,11180.9,11059.85,11168.05,352242287,17349.95
12-Mar-19,11231.35,11320.4,11227,11301.2,391310519,20861.35
13-Mar-19,11326.2,11352.3,11276.6,11341.7,382996187,20851.67
14-Mar-19,11382.5,11383.45,11313.75,11343.25,294480678,15661.05
15-Mar-19,11376.85,11487,11370.8,11426.85,463704896,25143.26
18-Mar-19,11473.85,11530.15,11412.5,11462.2,320250041,16942.22
19-Mar-19,11500.3,11543.85,11451.25,11532.4,326099667,16179.92
20-Mar-19,11553.35,11556.1,11503.1,11521.05,366298049,18311.44
22-Mar-19,11549.2,11572.8,11434.55,11456.9,386193935,19755.74
25-Mar-19,11395.65,11395.65,11311.6,11354.25,294459196,14101.14
26-Mar-19,11375.2,11496.75,11352.45,11483.25,282575496,14611.68
27-Mar-19,11531.45,11546.2,11413,11445.05,350446089,18356.52
28-Mar-19,11463.65,11588.5,11452.45,11570,527678809,25719.65
29-Mar-19,11625.45,11630.35,11570.15,11623.9,416276981,20515.25
1-Apr-19,11665.2,11738.1,11644.75,11669.15,379572660,18977.99
2-Apr-19,11711.55,11729.35,11655.85,11713.2,386131413,18673.7
3-Apr-19,11735.3,11761,11629.15,11643.95,365760070,19050.95
4-Apr-19,11660.2,11662.55,11559.2,11598,349029830,19713.01
5-Apr-19,11638.4,11689.65,11609.5,11665.95,266665797,15000.35
8-Apr-19,11704.35,11710.3,11549.1,11604.5,260932608,14203.96
9-Apr-19,11612.05,11683.9,11569.7,11671.95,300467538,15984.39
10-Apr-19,11646.85,11680.05,11571.75,11584.3,359941110,22258.46
11-Apr-19,11592.55,11606.7,11550.55,11596.7,279775726,14332.2
12-Apr-19,11612.85,11657.35,11578.8,11643.45,246006184,13598.61
15-Apr-19,11667,11704.6,11648.25,11690.35,289996075,15635.79
16-Apr-19,11736.2,11810.95,11731.55,11787.15,354315040,17585.48
18-Apr-19,11856.15,11856.15,11738.5,11752.8,339653709,18271.27
22-Apr-19,11727.05,11727.05,11583.95,11594.45,260356055,13754.12
23-Apr-19,11612.95,11645.95,11564.8,11575.95,272544486,14500.53
24-Apr-19,11601.5,11740.85,11578.85,11726.15,335196513,17046.66
25-Apr-19,11735.7,11796.75,11624.3,11641.8,604360395,28254.3
26-Apr-19,11683.75,11762.9,11661.75,11754.65,333483764,18098.83
30-Apr-19,11748.75,11756.25,11655.9,11748.15,532630874,23324.98
2-May-19,11725.55,11789.3,11699.55,11724.75,380278045,17790.06
3-May-19,11722.6,11770.9,11699.35,11712.25,305519934,15156.32
6-May-19,11605.8,11632.55,11571.35,11598.25,299046480,14703.42
7-May-19,11651.5,11657.05,11484.45,11497.9,337495624,16632.84
8-May-19,11478.7,11479.1,11346.95,11359.45,372826025,17440.01
9-May-19,11322.4,11357.6,11255.05,11301.8,373028059,17602.86
10-May-19,11314.15,11345.8,11251.05,11278.9,387323416,18085.19
13-May-19,11258.7,11300.2,11125.6,11148.2,357586433,16722.91
